Ticker,Name,Type,Industry,12-1M_Mom_%,FIP_Annual,LastMonth,LastMonth_Mom_%,LastMonth_FIP,LastMonth_Neg,LastMonth_Pos,LastMonth_Flat,LastMonth_Total
OZATD,OZATA DENIZCILIK,Stock,DİĞER,2267.8993,-0.205426,2026-09,-67.5698,-0.727273,19,3,0,22
KTLEV,"KATILIMEVIM TAS, FIN,",Stock,FİNANSAL KİRALAMA VE FAKTORİNG,1310.7622,-0.193798,2026-09,-84.6975,-0.818182,20,2,0,22
IEYHO,"ISIKLAR ENERJI YAPI HOL,",Stock,HOLDİNGLER,1269.7833,-0.542636,2026-09,-65.1252,-0.000000,11,11,0,22
BIGEN,BIRLESIM GRUP ENERJI,Stock,ELEKTRİK,1263.6366,-0.077519,2026-09,-73.1121,-0.363636,15,7,0,22
GUNDG,GUNDOGDU GIDA,Stock,GIDA VE HAYVANCILIK,1069.5255,-0.143411,2026-09,-86.1285,-0.818182,20,2,0,22
ODINE,ODINE TEKNOLOJI,Stock,TEKNOLOJİ,846.6781,-0.224806,2026-09,-90.0894,-1.000000,22,0,0,22
ANELE,ANEL ELEKTRIK,Stock,İNŞAAT - ELEKTRİK,665.0865,-0.108527,2026-09,-76.2100,-0.363636,15,7,0,22
PRZMA,PRIZMA PRESS MATBAACILIK,Stock,KAĞIT VE AMBALAJ,467.9723,0.027132,2026-09,-75.8242,-0.727273,19,3,0,22
BURVA,BURCELIK VANA,Stock,İNŞAAT MALZEMELERİ,408.6715,0.019380,2026-09,-51.0832,-0.454545,16,6,0,22
ALKLC,ALTINKILIC GIDA VE SUT,Stock,GIDA VE HAYVANCILIK,391.4314,-0.147287,2026-09,-61.5737,-0.045455,11,10,1,22
ARMGD,ARMADA GIDA,Stock,GIDA VE HAYVANCILIK,379.2153,-0.139535,2026-09,-30.1775,-0.181818,13,9,0,22
HEDEF,HEDEF HOLDING,Stock,HOLDİNGLER,357.2026,-0.081395,2026-09,-90.0890,-1.000000,22,0,0,22
AKFIS,AKFEN INSAAT TURIZM VE TICARET AS,Stock,İNŞAAT - TAAHHÜT,341.5960,-0.062016,2026-09,-5.0562,-0.000000,11,11,0,22
POLHO,POLISAN HOLDING,Stock,HOLDİNGLER,327.9274,0.042636,2026-09,-18.7156,-0.181818,13,9,0,22
CRDFA,CREDITWEST FAKTORING,Stock,FİNANSAL KİRALAMA VE FAKTORİNG,262.2425,-0.011628,2026-09,-70.8400,-0.590909,17,4,1,22
KRDMB,KARDEMIR (B),Stock,DEMİR ÇELİK,255.3539,-0.131783,2026-09,-55.7175,-0.545455,17,5,0,22
KGYO,KORAY GMYO,Stock,GYO,236.5683,-0.120155,2026-09,-29.1188,-0.000000,11,11,0,22
SELEC,SELCUK ECZA DEPOSU,Stock,SAĞLIK VE İLAÇ,236.1762,-0.062016,2026-09,-72.4438,-0.272727,14,8,0,22
EUKYO,"EURO KAPITAL YAT, ORT,",Stock,YATIRIM ORTAKLIKLARI,216.1038,-0.058140,2026-09,-27.0769,-0.000000,11,11,0,22
EUPWR,EUROPOWER ENERJI,Stock,ELEKTRİK,199.0154,0.015504,2026-09,-51.1696,-0.272727,14,8,0,22
CRFSA,CARREFOURSA,Stock,PERAKENDE,191.2853,-0.034884,2026-09,-32.5714,-0.272727,14,8,0,22
TRHOL,Tera Financial Investments Holding A.S.,Stock,HOLDİNGLER,188.7181,-0.058140,2026-09,-54.8644,-0.000000,11,11,0,22
KERVN,"KERVANSARAY YAT, HOLDING",Stock,HOLDİNGLER,185.4787,-0.011628,2026-09,-23.0769,-0.045455,11,10,1,22
CEMZY,CEM ZEYTIN,Stock,GIDA VE HAYVANCILIK,169.2295,-0.127907,2026-09,-63.1307,-0.272727,14,8,0,22
EDATA,E-DATA TEKNOLOJI,Stock,BİLGİSAYAR DONATIM,161.6789,-0.023256,2026-09,-71.3071,-0.727273,19,3,0,22
OZRDN,OZERDEN AMBALAJ,Stock,İNŞAAT MALZEMELERİ,159.6676,0.050388,2026-09,-50.1970,-0.409091,15,6,1,22
TMPOL,TEMAPOL POLIMER PLASTIK,Stock,KİMYASAL ÜRÜNLER,152.2774,0.027132,2026-09,-78.6345,-0.818182,20,2,0,22
ETYAT,"EURO TREND YAT, ORT,",Stock,YATIRIM ORTAKLIKLARI,151.7099,-0.054264,2026-09,-36.8622,-0.409091,15,6,1,22
ARDYZ,ARD BILISIM TEKNOLOJILERI,Stock,TEKNOLOJİ,141.7254,-0.003876,2026-09,-35.0289,-0.272727,14,8,0,22
KENT,KENT GIDA,Stock,SINIFLANDIRMA DIŞI,136.1926,0.205426,2026-09,-26.2018,-0.500000,16,5,1,22
PASEU,PASIFIK EURASIA LOJISTIK,Stock,ULAŞTIRMA - LOJİSTİK,135.5534,-0.023256,2026-09,-88.2670,-0.909091,21,1,0,22
ASTOR,ASTOR ENERJI,VIOP,ELEKTRİK,131.7497,-0.062016,2026-09,-41.4889,-0.363636,15,7,0,22
MANAS,MANAS ENERJI YONETIMI,Stock,BİLGİSAYAR DONATIM,127.0501,0.015504,2026-09,-68.1873,-0.363636,15,7,0,22
ATSYH,ATLANTIS YATIRIM HOLDING,Stock,HOLDİNGLER,121.5597,0.046512,2026-09,-45.3303,-0.409091,15,6,1,22
RALYH,RAL YATIRIM HOLDING,Stock,HOLDİNGLER,112.2040,-0.174419,2026-09,-68.5346,-0.636364,18,4,0,22
YGGYO,YENI GIMAT GMYO,Stock,GYO,111.2858,-0.112403,2026-09,-10.3891,-0.181818,13,9,0,22
CELHA,CELIK HALAT,Stock,DEMİR ÇELİK,109.4495,0.050388,2026-09,9.8534,-0.227273,8,13,1,22
BAHKM,BAHADIR KIMYA,Stock,KİMYASAL ÜRÜNLER,107.1848,0.034884,2026-09,-3.4119,0.090909,10,12,0,22
ARASE,DOGU ARAS ENERJI,Stock,ELEKTRİK,105.7211,-0.027132,2026-09,-19.0932,-0.363636,15,7,0,22
YEOTK,YEO TEKNOLOJI ENERJI,Stock,ELEKTRİK,102.9633,0.015504,2026-09,-21.4702,-0.272727,14,8,0,22
AKSEN,AKSA ENERJI,VIOP,ELEKTRİK,98.3559,-0.007752,2026-09,-8.1864,-0.045455,11,10,1,22
CATES,CATES ELEKTRIK,Stock,ELEKTRİK,97.4837,-0.038760,2026-09,-57.2877,-0.454545,16,6,0,22
ATATP,ATP YAZILIM,Stock,TEKNOLOJİ,96.2606,0.062016,2026-09,-26.4829,-0.545455,17,5,0,22
GMTAS,GIMAT MAGAZACILIK,Stock,PERAKENDE,93.2756,-0.073643,2026-09,13.0037,-0.318182,7,14,1,22
TCKRC,KIRAC GALVANIZ,Stock,DEMİR ÇELİK,92.6725,-0.027132,2026-09,-18.3604,-0.363636,15,7,0,22
RYGYO,REYSAS GMYO,Stock,GYO,91.1628,-0.062016,2026-09,-5.3150,-0.090909,12,10,0,22
PEKGY,PEKER GMYO,Stock,GYO,89.6516,-0.240310,2026-09,-76.5079,-0.500000,16,5,1,22
KLSYN,KOLEKSIYON MOBILYA,Stock,MOBİLYA,89.3504,0.007752,2026-09,-10.1976,-0.136364,12,9,1,22
GESAN,GIRISIM ELEKTRIK SANAYI,Stock,ELEKTRİK,88.2149,0.023256,2026-09,-56.8295,-0.500000,16,5,1,22
DSTKF,DESTEK FINANS FAKTORING,Stock,FİNANSAL KİRALAMA VE FAKTORİNG,85.9061,-0.240310,2026-09,-58.8419,-0.090909,12,10,0,22
BURCE,BURCELIK,Stock,DEMİR ÇELİK,84.5641,0.065891,2026-09,-31.6724,-0.545455,17,5,0,22
CWENE,CW ENERJI,Stock,ELEKTRİK,82.0291,-0.034884,2026-09,-51.6000,-0.454545,16,6,0,22
VANGD,VANET GIDA,Stock,GIDA VE HAYVANCILIK,78.8931,0.031008,2026-09,-46.2240,-0.454545,16,6,0,22
KARTN,KARTONSAN,Stock,KAĞIT VE AMBALAJ,78.8232,0.085271,2026-09,-49.5471,-0.545455,17,5,0,22
MOGAN,MOGAN ENERJI,Stock,ELEKTRİK,78.6211,0.038760,2026-09,-53.1971,-0.454545,16,6,0,22
DOGUB,DOGUSAN,Stock,İNŞAAT MALZEMELERİ,78.1238,0.139535,2026-09,-68.3824,-0.545455,17,5,0,22
TRALT,TÜRK ALTIN İŞLETMELERİ,VIOP,MADENCİLİK,77.7799,-0.038760,2026-09,-15.5009,-0.000000,11,11,0,22
AYES,AYES CELIK HASIR VE CIT,Stock,İNŞAAT MALZEMELERİ,77.7746,0.062016,2026-09,-21.0169,-0.363636,15,7,0,22
PCILT,PC ILETISIM MEDYA,Stock,MEDYA,76.0334,0.034884,2026-09,-11.0520,-0.454545,16,6,0,22
IZMDC,IZMIR DEMIR CELIK,Stock,DEMİR ÇELİK,74.4050,0.031008,2026-09,-49.0446,-0.636364,18,4,0,22
UFUK,UFUK YATIRIM,Stock,HOLDİNGLER,74.3305,0.077519,2026-09,-72.8832,-0.681818,18,3,1,22
TKFEN,TEKFEN HOLDING,VIOP,HOLDİNGLER,71.3135,0.003876,2026-09,10.5590,-0.090909,10,12,0,22
GLYHO,"GLOBAL YAT, HOLDING",Stock,HOLDİNGLER,70.1421,-0.027132,2026-09,-4.9547,-0.272727,14,8,0,22
KUVVA,KUVVA GIDA,Stock,GIDA VE HAYVANCILIK,70.0191,0.089147,2026-09,-56.5426,-0.454545,16,6,0,22
TUPRS,TUPRAS,VIOP,PETROL,69.3083,-0.104651,2026-09,-4.3117,-0.181818,13,9,0,22
OZSUB,OZSU BALIK,Stock,GIDA VE HAYVANCILIK,67.5246,0.096899,2026-09,-20.5530,-0.272727,14,8,0,22
AYGAZ,AYGAZ,Stock,PETROL,66.5389,-0.112403,2026-09,-14.1045,-0.363636,15,7,0,22
AKSUE,AKSU ENERJI,Stock,ELEKTRİK,66.4152,0.058140,2026-09,-55.7932,-0.227273,13,8,1,22
ASELS,ASELSAN,VIOP,SAVUNMA,60.3622,0.023256,2026-09,-12.8803,-0.272727,14,8,0,22
MOBTL,MOBILTEL ILETISIM,Stock,BİLGİSAYAR DONATIM,60.0248,0.015504,2026-09,-22.0418,-0.227273,13,8,1,22
TRMET,TR ANADOLU METAL MADENCİLİK,VIOP,MADENCİLİK,57.0392,-0.077519,2026-09,-7.1873,-0.000000,11,11,0,22
KAPLM,KAPLAMIN,Stock,KAĞIT VE AMBALAJ,53.0394,0.096899,2026-09,-68.8000,-0.727273,19,3,0,22
KRDMA,KARDEMIR (A),Stock,DEMİR ÇELİK,52.9239,-0.015504,2026-09,-40.0450,-0.636364,18,4,0,22
ESCOM,ESCORT TEKNOLOJI,Stock,TEKNOLOJİ,52.2889,0.124031,2026-09,-23.5832,-0.272727,14,8,0,22
FRIGO,FRIGO PAK GIDA,Stock,GIDA VE HAYVANCILIK,51.6652,-0.170543,2026-09,-43.9850,-0.409091,14,5,3,22
EBEBK,EBEBEK MAGAZACILIK,Stock,PERAKENDE,51.2949,-0.034884,2026-09,-7.6651,-0.136364,12,9,1,22
SANEL,SANEL MUHENDISLIK,Stock,İNŞAAT - ELEKTRİK,50.6422,0.069767,2026-09,-40.4329,-0.363636,15,7,0,22
PKART,PLASTIKKART,Stock,TEKNOLOJİ,49.9231,0.085271,2026-09,-33.2655,-0.545455,17,5,0,22
EGPRO,EGE PROFIL,Stock,İNŞAAT MALZEMELERİ,48.4454,0.023256,2026-09,-12.4805,-0.272727,14,8,0,22
HATSN,HATSAN GEMI,Stock,DİĞER,47.5792,0.046512,2026-09,-62.4938,-0.454545,16,6,0,22
MARKA,MARKA YATIRIM HOLDING,Stock,HOLDİNGLER,47.1541,0.081395,2026-09,-29.7105,-0.227273,12,7,2,21
GEREL,GERSAN ELEKTRIK,Stock,KABLO,47.0690,0.081395,2026-09,-44.2298,-0.454545,16,6,0,22
VBTYZ,VBT YAZILIM,Stock,TEKNOLOJİ,45.2330,0.042636,2026-09,-38.0498,-0.409091,15,6,1,22
INDES,INDEKS BILGISAYAR,Stock,BİLGİSAYAR DONATIM,44.0939,-0.093023,2026-09,-12.2157,-0.090909,11,9,2,22
INFO,INFO YATIRIM,Stock,ARACI KURUMLAR,43.9430,0.062016,2026-09,-72.8814,-0.636364,18,4,0,22
ONCSM,ONCOSEM ONKOLOJIK SISTEMLER,Stock,SAĞLIK VE İLAÇ,42.4020,0.077519,2026-09,-64.5536,-0.727273,19,3,0,22
AKCNS,AKCANSA,Stock,ÇİMENTO,41.7683,0.054264,2026-09,-15.0787,-0.090909,12,10,0,22
BMSTL,BMS BIRLESIK METAL,Stock,DEMİR ÇELİK,41.4625,-0.054264,2026-09,-16.2075,-0.363636,15,7,0,22
ORGE,ORGE ENERJI ELEKTRIK,Stock,İNŞAAT - ELEKTRİK,39.6171,0.007752,2026-09,-12.4896,-0.181818,13,9,0,22
ECZYT,ECZACIBASI YATIRIM,Stock,HOLDİNGLER,39.3097,-0.081395,2026-09,-30.3206,-0.318182,14,7,1,22
BIMAS,BIM MAGAZALAR,VIOP,PERAKENDE,39.0302,0.015504,2026-09,3.8303,-0.272727,8,14,0,22
EGEPO,NASMED EGEPOL,Stock,SAĞLIK VE İLAÇ,38.3028,0.000000,2026-09,-58.7867,-0.636364,18,4,0,22
AGESA,AGESA HAYAT EMEKLILIK,Stock,SİGORTA,36.9403,0.011628,2026-09,-12.6124,-0.272727,14,8,0,22
ESCAR,ESCAR FILO,Stock,ULAŞTIRMA - LOJİSTİK,36.8956,0.007752,2026-09,-66.1057,-0.500000,16,5,1,22
DEVA,DEVA HOLDING,Stock,SAĞLIK VE İLAÇ,36.0339,-0.011628,2026-09,-3.7907,-0.181818,13,9,0,22
TRGYO,TORUNLAR GMYO,Stock,GYO,35.7830,0.007752,2026-09,-7.2539,-0.363636,15,7,0,22
RGYAS,"RONESANS GAYRIMENKUL YAT,",Stock,GYO,34.7955,-0.054264,2026-09,-12.0706,-0.227273,12,7,3,22
KRDMD,KARDEMIR (D),VIOP,DEMİR ÇELİK,34.5528,-0.065891,2026-09,-7.1760,-0.090909,12,10,0,22
BYDNR,BAYDONER RESTORANLARI,Stock,GIDA VE HAYVANCILIK,33.7867,0.096899,2026-09,-45.6771,-0.363636,15,7,0,22
METRO,METRO HOLDING,Stock,HOLDİNGLER,33.2779,0.023256,2026-09,-25.1995,-0.272727,14,8,0,22
SOKM,SOK MARKETLER TICARET,VIOP,PERAKENDE,33.1672,-0.034884,2026-09,-2.3466,-0.000000,10,10,2,22
TRENJ,TR DOĞAL ENERJİ KAYNAKLARI,Stock,PETROL,32.4271,-0.027132,2026-09,-10.3368,-0.363636,15,7,0,22
VERUS,VERUSA HOLDING,Stock,HOLDİNGLER,32.3151,-0.147287,2026-09,-30.0746,-0.181818,13,9,0,22
AYDEM,AYDEM ENERJI,Stock,ELEKTRİK,30.7818,-0.042636,2026-09,-10.7143,-0.181818,13,9,0,22
HALKB,"T, HALK BANKASI",VIOP,BANKALAR,30.5071,0.069767,2026-09,4.5519,0.181818,13,9,0,22
GSDDE,GSD DENIZCILIK,Stock,ULAŞTIRMA - LOJİSTİK,30.1804,0.019380,2026-09,-17.8306,-0.318182,14,7,1,22
ERSU,ERSU GIDA,Stock,İÇECEK,30.1243,0.065891,2026-09,-53.2016,-0.454545,15,5,2,22
ATEKS,AKIN TEKSTIL,Stock,TEKSTİL,29.2935,0.151163,2026-09,-20.5102,-0.454545,16,6,0,22
BRKO,BIRKO MENSUCAT,Stock,TEKSTİL,28.7395,0.058140,2026-09,-47.6923,-0.454545,15,5,2,22
CCOLA,COCA COLA ICECEK,Stock,İÇECEK,28.4749,-0.011628,2026-09,2.9920,-0.090909,10,12,0,22
PAGYO,PANORA GMYO,Stock,GYO,28.2373,0.011628,2026-09,-20.3788,-0.363636,15,7,0,22
KRONT,KRON TEKNOLOJI,Stock,TEKNOLOJİ,28.0224,0.019380,2026-09,-27.4840,-0.454545,16,6,0,22
ISGYO,IS GMYO,Stock,GYO,27.8331,0.003876,2026-09,-9.4297,-0.363636,14,6,2,22
ENJSA,ENERJISA ENERJI,VIOP,ELEKTRİK,27.4953,-0.031008,2026-09,-4.2688,-0.045455,11,10,1,22
KBORU,KUZEY BORU,Stock,KİMYASAL ÜRÜNLER,27.3979,0.116279,2026-09,-48.6124,-0.454545,16,6,0,22
MTRKS,MATRIKS FINANSAL TEKNOLOJILER,Stock,TEKNOLOJİ,26.8827,0.015504,2026-09,-37.5231,-0.590909,17,4,1,22
LIDFA,LIDER FAKTORING,Stock,FİNANSAL KİRALAMA VE FAKTORİNG,26.5812,0.038760,2026-09,-15.9988,-0.318182,14,7,1,22
INVES,INVESTCO HOLDING,Stock,HOLDİNGLER,25.8995,-0.166667,2026-09,-11.5629,0.090909,10,12,0,22
ISDMR,ISKENDERUN DEMIR CELIK,Stock,DEMİR ÇELİK,25.6315,0.011628,2026-09,14.1651,-0.227273,7,12,3,22
ICUGS,ICU GIRISIM,Stock,GİRİŞİM SERMAYESİ,25.6062,0.085271,2026-09,-67.7895,-0.727273,19,3,0,22
ISKPL,ISIK PLASTIK,Stock,KİMYASAL ÜRÜNLER,25.2977,0.007752,2026-09,-60.6838,-0.636364,18,4,0,22
BRLSM,BIRLESIM MUHENDISLIK,Stock,ELEKTRİK,23.6379,0.112403,2026-09,-55.3513,-0.636364,18,4,0,22
AKFYE,"AKFEN YEN, ENERJI",Stock,ELEKTRİK,23.3874,0.093023,2026-09,-8.1200,-0.181818,13,9,0,22
ECILC,ECZACIBASI ILAC,Stock,SAĞLIK VE İLAÇ,21.6732,0.015504,2026-09,-18.7781,-0.272727,14,8,0,22
RYSAS,REYSAS LOJISTIK,Stock,ULAŞTIRMA - LOJİSTİK,20.2798,0.058140,2026-09,-15.6944,-0.090909,12,10,0,22
ICBCT,ICBC TURKEY BANK,Stock,BANKALAR,20.1140,0.050388,2026-09,-20.4428,-0.181818,13,9,0,22
BRSAN,BORUSAN BORU SANAYI,VIOP,DEMİR ÇELİK,19.7744,0.116279,2026-09,-13.6740,-0.363636,15,7,0,22
KTSKR,KUTAHYA SEKER FABRIKASI,Stock,GIDA VE HAYVANCILIK,19.5553,0.085271,2026-09,-27.1069,-0.409091,15,6,1,22
FORTE,FORTE BILGI ILETISIM,Stock,TEKNOLOJİ,19.4269,0.062016,2026-09,-19.6757,-0.181818,13,9,0,22
ECOGR,Ecogreen Enerji Holding A.S.,Stock,ELEKTRİK,18.8655,-0.085271,2026-09,-22.8374,-0.090909,12,10,0,22
TEHOL,"TERA YATIRIM TEK, HOL,",Stock,HOLDİNGLER,18.2805,-0.321705,2026-09,-58.2222,-0.181818,13,9,0,22
DURDO,DURAN DOGAN BASIM,Stock,KAĞIT VE AMBALAJ,18.0801,0.034884,2026-09,-8.0000,-0.136364,12,9,1,22
DAGI,DAGI GIYIM,Stock,TEKSTİL,18.0676,-0.093023,2026-09,-52.3033,-0.636364,18,4,0,22
MEGMT,MEGA METAL,Stock,DEMİR ÇELİK,18.0278,0.000000,2026-09,-23.0004,-0.272727,14,8,0,22
BSOKE,BATISOKE CIMENTO,Stock,ÇİMENTO,17.9892,0.034884,2026-09,-73.0798,-0.727273,19,3,0,22
BASGZ,BASKENT DOGALGAZ GMYO,Stock,ELEKTRİK,17.6064,0.100775,2026-09,-12.3479,-0.136364,12,9,1,22
AKMGY,AKMERKEZ GMYO,Stock,GYO,17.1636,0.096899,2026-09,-20.7211,-0.363636,14,6,2,22
ALARK,ALARKO HOLDING,VIOP,HOLDİNGLER,16.6324,-0.011628,2026-09,-8.9104,0.090909,10,12,0,22
FLAP,"FLAP KONGRE TOPLANTI HIZ,",Stock,DİĞER,16.3132,0.104651,2026-09,6.6607,0.090909,12,10,0,22
ANHYT,"ANADOLU HAYAT EMEK,",Stock,SİGORTA,16.1736,0.062016,2026-09,-6.2440,-0.090909,12,10,0,22
EUYO,"EURO YAT, ORT,",Stock,YATIRIM ORTAKLIKLARI,16.0594,0.096899,2026-09,-25.2632,-0.409091,15,6,1,22
KUYAS,KUYAS YATIRIM,Stock,İNŞAAT - TAAHHÜT,15.7246,-0.034884,2026-09,-59.0534,-0.181818,13,9,0,22
KORDS,KORDSA TEKNIK TEKSTIL,Stock,TEKSTİL,15.6387,0.073643,2026-09,-38.2532,-0.363636,15,7,0,22
TURSG,TURKIYE SIGORTA,Stock,SİGORTA,15.1853,0.019380,2026-09,-9.5477,-0.090909,12,10,0,22
EREGL,EREGLI DEMIR CELIK,VIOP,DEMİR ÇELİK,15.0604,0.034884,2026-09,-7.3234,-0.181818,13,9,0,22
ANSGR,ANADOLU SIGORTA,Stock,SİGORTA,14.6180,0.085271,2026-09,-12.9412,-0.454545,16,6,0,22
ULUSE,ULUSOY ELEKTRIK,Stock,İNŞAAT - ELEKTRİK,13.5665,0.089147,2026-09,-45.1116,-0.545455,17,5,0,22
TATGD,TAT GIDA,Stock,GIDA VE HAYVANCILIK,13.5367,0.089147,2026-09,-11.1735,-0.272727,14,8,0,22
AKSGY,AKIS GMYO,Stock,GYO,13.3068,0.011628,2026-09,-5.5944,-0.318182,14,7,1,22
OZYSR,OZYASAR TEL,Stock,DEMİR ÇELİK,12.6895,0.089147,2026-09,-5.1937,0.090909,10,12,0,22
ARSAN,ARSAN TEKSTIL,Stock,TEKSTİL,11.5524,0.116279,2026-09,-24.0909,-0.272727,14,8,0,22
TABGD,TAB GIDA,Stock,GIDA VE HAYVANCILIK,11.3491,0.003876,2026-09,-9.2027,-0.090909,12,10,0,22
FADE,FADE GIDA,Stock,GIDA VE HAYVANCILIK,10.9011,0.000000,2026-09,-30.2064,-0.454545,16,6,0,22
ISBTR,IS BANKASI (B),Stock,BANKALAR,10.4309,0.158915,2026-09,-21.4423,-0.363636,13,5,4,22
SAYAS,SAY YENILENEBILIR ENERJI,Stock,ELEKTRİK,9.7801,0.069767,2026-09,-30.5699,-0.454545,16,6,0,22
LYDHO,LYDIA HOLDING,Stock,PAZARLAMA,9.7288,0.100775,2026-09,-72.5946,-0.818182,20,2,0,22
OFSYM,OFIS YEM GIDA,Stock,GIDA VE HAYVANCILIK,8.9312,0.054264,2026-09,-16.7856,-0.181818,13,9,0,22
PSGYO,PASIFIK GMYO,Stock,GYO,8.5006,0.108527,2026-09,-49.8442,-0.181818,13,9,0,22
GUBRF,"GUBRE FABRIK,",VIOP,TARIM KİMYASALLARI,8.3745,-0.027132,2026-09,-14.6341,-0.136364,12,9,1,22
LILAK,LILA KAGIT,Stock,KAĞIT VE AMBALAJ,8.0445,0.027132,2026-09,-20.8935,-0.454545,16,6,0,22
TRCAS,TURCAS PETROL,Stock,PETROL,7.9399,0.007752,2026-09,-12.4682,-0.181818,13,9,0,22
OZGYO,OZDERICI GMYO,Stock,GYO,7.8870,0.038760,2026-09,-25.6039,-0.318182,14,7,1,22
SONME,SONMEZ FILAMENT,Stock,GYO,7.3583,0.182171,2026-09,-20.6466,-0.636364,18,4,0,22
ARTMS,ARTEMIS HALI,Stock,TEKSTİL,7.2400,0.073643,2026-09,-14.4207,-0.136364,12,9,1,22
DITAS,DITAS DOGAN,Stock,OTOMOTİV PARÇASI,7.1218,-0.027132,2026-09,-62.4167,-0.545455,17,5,0,22
AYEN,AYEN ENERJI,Stock,ELEKTRİK,6.9124,0.085271,2026-09,-17.4252,-0.318182,14,7,1,22
ENKAI,ENKA INSAAT,VIOP,İNŞAAT - TAAHHÜT,5.4858,0.065891,2026-09,-5.6636,0.090909,10,12,0,22
BRMEN,BIRLIK MENSUCAT,Stock,TEKSTİL,5.0070,0.058140,2026-09,-46.5385,-0.454545,16,6,0,22
AKSA,AKSA AKRILIK,Stock,TEKSTİL,4.8073,0.058140,2026-09,-4.8282,-0.090909,12,10,0,22
TARKM,TARKIM BITKI KORUMA,Stock,TARIM KİMYASALLARI,4.6870,0.189922,2026-09,-37.4889,-0.727273,19,3,0,22
DMSAS,DEMISAS DOKUM,Stock,DEMİR ÇELİK,4.6698,-0.174419,2026-09,-28.0233,-0.318182,14,7,1,22
HRKET,HAREKET PROJE TASIMACILIGI,Stock,DİĞER,4.6472,0.058140,2026-09,22.7273,-0.181818,9,13,0,22
HLGYO,HALK GMYO,Stock,GYO,4.2020,-0.027132,2026-09,-8.9041,-0.181818,13,9,0,22
TGSAS,TGS DIS TICARET,Stock,PAZARLAMA,4.1935,0.135659,2026-09,-58.9363,-0.409091,15,6,1,22
VAKKO,VAKKO TEKSTIL,Stock,PERAKENDE,4.0867,0.038760,2026-09,-12.2649,-0.227273,13,8,1,22
TOASO,"TOFAS OTO, FAB,",VIOP,OTOMOTİV,4.0604,0.062016,2026-09,-3.4101,-0.090909,11,9,2,22
GLRMK,GULERMAK AGIR SANAYI,Stock,İNŞAAT - TAAHHÜT,3.6417,0.027132,2026-09,-22.1698,-0.090909,12,10,0,22
OZKGY,OZAK GMYO,Stock,GYO,3.3874,-0.007752,2026-09,-11.1439,-0.136364,12,9,1,22
NETAS,"NETAS TELEKOM,",Stock,BİLGİSAYAR DONATIM,3.0961,0.062016,2026-09,-21.8767,-0.272727,14,8,0,22
SDTTR,SDT UZAY VE SAVUNMA,Stock,SAVUNMA,2.2955,0.058140,2026-09,-31.3901,-0.409091,15,6,1,22
AHGAZ,AHLATCI DOGALGAZ,Stock,ELEKTRİK,2.1499,0.131783,2026-09,14.0074,-0.545455,5,17,0,22
MPARK,MLP SAGLIK,Stock,SAĞLIK VE İLAÇ,1.6269,0.007752,2026-09,-0.7720,-0.045455,11,10,1,22
ULUUN,ULUSOY UN SANAYI,Stock,GIDA VE HAYVANCILIK,1.3992,0.031008,2026-09,-30.8146,-0.272727,14,8,0,22
ETILR,ETILER GIDA,Stock,GIDA VE HAYVANCILIK,1.3983,0.069767,2026-09,28.5968,-0.090909,10,12,0,22
KCHOL,KOC HOLDING,VIOP,HOLDİNGLER,1.1211,-0.003876,2026-09,-3.0247,-0.090909,11,9,2,22
DGNMO,DOGANLAR MOBILYA,Stock,MOBİLYA,0.5332,0.155039,2026-09,-45.6671,-0.500000,15,4,3,22
KMPUR,KIMTEKS POLIURETAN,Stock,KİMYASAL ÜRÜNLER,0.0331,0.124031,2026-09,-24.6887,-0.090909,12,10,0,22
EDIP,EDIP GAYRIMENKUL,Stock,İNŞAAT - TAAHHÜT,-0.3060,-0.054264,2026-09,-28.4650,-0.318182,14,7,1,22
ALTNY,ALTINAY SAVUNMA,Stock,SAVUNMA,-0.8503,-0.100775,2026-09,-27.6212,-0.409091,15,6,1,22
YATAS,YATAS YATAK VE YORGAN,Stock,MOBİLYA,-0.9172,-0.011628,2026-09,-16.0156,-0.090909,12,10,0,22
EKGYO,EMLAK KONUT GMYO,VIOP,GYO,-0.9436,0.027132,2026-09,-7.8000,-0.181818,13,9,0,22
HOROZ,HOROZ LOJISTIK,Stock,ULAŞTIRMA - LOJİSTİK,-1.2930,-0.042636,2026-09,-28.0822,-0.363636,15,7,0,22
DURKN,DURUKAN SEKERLEME,Stock,GIDA VE HAYVANCILIK,-1.5369,-0.011628,2026-09,-53.9321,-0.590909,17,4,1,22
KCAER,KOCAER CELIK,Stock,DEMİR ÇELİK,-1.5896,-0.027132,2026-09,-32.3899,-0.454545,15,5,2,22
DMLKT,Emlak Konut Gayrimenkul Yatirim Ortakligi A.S. 0 % Certificates 2025-31.12.2199,Stock,,-2.1922,-0.038760,2026-09,,,0,0,0,0
BJKAS,"BESIKTAS FUTBOL YAT,",Stock,SPOR,-2.2936,-0.058140,2026-09,-28.5068,-0.090909,12,10,0,22
GOZDE,GOZDE GIRISIM,Stock,GİRİŞİM SERMAYESİ,-2.3220,-0.000000,2026-09,-13.2763,-0.227273,13,8,1,22
SEGMN,SEGMEN KARDESLER GIDA,Stock,GIDA VE HAYVANCILIK,-2.7953,-0.038760,2026-09,-58.4664,-0.454545,16,6,0,22
NTGAZ,NATURELGAZ,Stock,ELEKTRİK,-2.9019,-0.100775,2026-09,-10.3952,-0.363636,14,6,2,22
ENDAE,ENDA ENERJI HOLDING,Stock,ELEKTRİK,-2.9633,-0.093023,2026-09,-27.3028,-0.363636,15,7,0,22
HKTM,HIDROPAR HAREKET KONTROL,Stock,OTOMOTİV PARÇASI,-3.4815,-0.058140,2026-09,-34.0843,-0.454545,16,6,0,22
DOFRB,DOF Robotik Sanayi Anonim Sirketi,Stock,TEKNOLOJİ,-3.9339,-0.062016,2026-09,-43.1171,-0.454545,16,6,0,22
ISFIN,"IS FIN,KIR,",Stock,FİNANSAL KİRALAMA VE FAKTORİNG,-4.1810,-0.139535,2026-09,-9.1143,-0.545455,17,5,0,22
BIGTK,Big Medya Teknoloji A.S.,Stock,MEDYA,-4.2238,-0.085271,2026-09,-72.0377,-0.636364,18,4,0,22
CVKMD,CVK MADEN,Stock,MADENCİLİK,-4.5428,0.031008,2026-09,-27.7446,-0.363636,15,7,0,22
DUNYH,Dunya Holding Anonim Sirketi,Stock,,-4.7908,-0.019380,2026-09,-82.4418,-0.136364,3,0,18,21
BAKAB,BAK AMBALAJ,Stock,KAĞIT VE AMBALAJ,-4.8529,-0.062016,2026-09,-19.7080,-0.181818,13,9,0,22
A1YEN,A1 YENILENEBILIR ENERJI,Stock,ELEKTRİK,-5.0548,-0.034884,2026-09,-45.4545,-0.500000,16,5,1,22
EGGUB,EGE GUBRE,Stock,TARIM KİMYASALLARI,-5.2455,-0.120155,2026-09,-14.9107,-0.181818,13,9,0,22
PRDGS,PARDUS GIRISIM,Stock,GİRİŞİM SERMAYESİ,-5.5974,-0.062016,2026-09,-51.8519,-0.636364,18,4,0,22
SNKRN,SENKRON SIBER GUVENLIK YAZILIM,Stock,DİĞER,-5.6771,-0.019380,2026-09,3.9200,-0.045455,0,1,0,1
YKBNK,"YAPI VE KREDI BANK,",VIOP,BANKALAR,-5.8232,-0.065891,2026-09,-6.7908,0.045455,10,11,1,22
AKENR,AKENERJI,Stock,ELEKTRİK,-5.9570,-0.081395,2026-09,-27.0913,-0.090909,12,10,0,22
AVOD,"A,V,O,D GIDA VE TARIM",Stock,GIDA VE HAYVANCILIK,-6.1209,-0.112403,2026-09,-24.0209,-0.363636,14,6,2,22
DOCO,DO-CO,Stock,ULAŞTIRMA - LOJİSTİK,-6.1540,-0.058140,2026-09,-8.0263,-0.272727,14,8,0,22
AEFES,ANADOLU EFES,VIOP,İÇECEK,-6.1562,-0.015504,2026-09,-0.8969,0.090909,10,12,0,22
MGROS,MIGROS TICARET,VIOP,PERAKENDE,-6.2145,-0.015504,2026-09,-5.4358,-0.090909,12,10,0,22
BLCYT,BILICI YATIRIM,Stock,TEKSTİL,-6.5549,0.093023,2026-09,-19.5032,-0.318182,14,7,1,22
PETKM,PETKIM,VIOP,PETROL,-6.7137,-0.023256,2026-09,-5.7328,-0.363636,15,7,0,22
ALBRK,ALBARAKA TURK,Stock,BANKALAR,-7.1271,-0.003876,2026-09,-4.3779,-0.000000,10,10,2,22
IZENR,IZDEMIR ENERJI,Stock,ELEKTRİK,-7.4281,0.166667,2026-09,-52.2368,-0.363636,15,7,0,22
KOPOL,KOZA POLYESTER,Stock,KİMYASAL ÜRÜNLER,-7.4315,-0.151163,2026-09,-45.4545,-0.545455,17,5,0,22
PENGD,PENGUEN GIDA,Stock,GIDA VE HAYVANCILIK,-7.5736,-0.135659,2026-09,-25.4707,-0.545455,17,5,0,22
HURGZ,"HURRIYET GZT,",Stock,MEDYA,-7.6107,-0.131783,2026-09,-28.6131,-0.181818,13,9,0,22
DOHOL,DOGAN HOLDING,VIOP,HOLDİNGLER,-7.7525,-0.011628,2026-09,-16.9530,-0.272727,14,8,0,22
KRVGD,KERVAN GIDA,Stock,GIDA VE HAYVANCILIK,-8.0362,-0.050388,2026-09,-7.9646,-0.090909,9,7,6,22
TAVHL,TAV HAVALIMANLARI,VIOP,ULAŞTIRMA - LOJİSTİK,-8.0451,-0.038760,2026-09,-0.7737,0.090909,10,12,0,22
DGATE,DATAGATE BILGISAYAR,Stock,BİLGİSAYAR DONATIM,-8.1194,-0.085271,2026-09,-39.0966,-0.590909,17,4,1,22
NUHCM,NUH CIMENTO,Stock,ÇİMENTO,-8.1691,-0.081395,2026-09,-3.5632,-0.272727,14,8,0,22
SKTAS,SOKTAS,Stock,TEKSTİL,-8.2062,-0.151163,2026-09,-26.9231,-0.363636,15,7,0,22
PINSU,PINAR SU,Stock,İÇECEK,-8.4982,-0.143411,2026-09,-18.7850,-0.409091,15,6,1,22
OYAYO,"OYAK YAT, ORT,",Stock,YATIRIM ORTAKLIKLARI,-8.8129,-0.193798,2026-09,-29.0807,-0.636364,18,4,0,22
BRISA,BRISA BRIDGESTONE SABANCI,Stock,OTOMOTİV PARÇASI,-8.8289,-0.069767,2026-09,-10.0785,-0.227273,13,8,1,22
HUBVC,HUB GIRISIM,Stock,GİRİŞİM SERMAYESİ,-9.0271,-0.162791,2026-09,-34.1564,-0.409091,15,6,1,22
HUNER,HUN YENILENEBILIR ENERJI URETIM AS,Stock,ELEKTRİK,-9.0732,-0.100775,2026-09,10.0000,0.181818,12,8,2,22
AVPGY,AVRUPAKENT GMYO,Stock,GYO,-9.2149,-0.093023,2026-09,-11.9196,-0.181818,12,8,2,22
SKYMD,SEKER YATIRIM,Stock,ARACI KURUMLAR,-9.4432,-0.151163,2026-09,37.2414,-0.181818,9,13,0,22
KRPLS,KOROPLAST TEMIZLIK AMBALAJ,Stock,KAĞIT VE AMBALAJ,-9.5619,-0.069767,2026-09,6.4455,0.000000,11,11,0,22
IZFAS,IZMIR FIRCA,Stock,BOYA,-9.7382,0.236434,2026-09,-72.5577,-0.545455,17,5,0,22
EKSUN,EKSUN GIDA,Stock,GIDA VE HAYVANCILIK,-10.0970,-0.073643,2026-09,-27.9935,-0.272727,13,7,2,22
SOKE,SOKE DEGIRMENCILIK,Stock,GIDA VE HAYVANCILIK,-10.1299,-0.011628,2026-09,-53.0516,-0.545455,17,5,0,22
ISGSY,IS GIRISIM,Stock,GİRİŞİM SERMAYESİ,-10.1529,-0.124031,2026-09,-23.7309,-0.454545,16,6,0,22
PNLSN,PANELSAN CATI CEPHE,Stock,İNŞAAT MALZEMELERİ,-10.1812,-0.069767,2026-09,-23.6355,-0.545455,17,5,0,22
AGHOL,ANADOLU GRUBU HOLDING,Stock,HOLDİNGLER,-10.3173,-0.069767,2026-09,-1.6250,-0.000000,11,11,0,22
BRKVY,BIRIKIM VARLIK YONETIM,Stock,BANKALAR,-10.3512,-0.104651,2026-09,-46.5143,-0.454545,16,6,0,22
PNSUT,PINAR SUT,Stock,GIDA VE HAYVANCILIK,-10.5160,-0.093023,2026-09,-16.2850,-0.272727,14,8,0,22
DOAS,DOGUS OTOMOTIV,VIOP,OTOMOTİV,-11.0912,-0.073643,2026-09,-11.9658,-0.363636,15,7,0,22
SUMAS,SUMAS SUNI TAHTA,Stock,MOBİLYA,-11.3763,-0.186047,2026-09,-28.0443,-0.272727,14,8,0,22
DNISI,DINAMIK ISI MAKINA YALITIM,Stock,KİMYASAL ÜRÜNLER,-11.7934,-0.205426,2026-09,-18.4783,-0.272727,14,8,0,22
TCELL,TURKCELL,VIOP,HABERLEŞME,-12.1450,-0.019380,2026-09,1.1047,-0.090909,10,12,0,22
KRGYO,KORFEZ GMYO,Stock,GYO,-12.3079,-0.124031,2026-09,-11.5987,-0.045455,11,10,1,22
FMIZP,F-M IZMIT PISTON,Stock,OTOMOTİV PARÇASI,-12.3115,-0.096899,2026-09,-13.2489,-0.363636,15,7,0,22
RNPOL,RAINBOW POLIKARBONAT,Stock,KİMYASAL ÜRÜNLER,-12.4545,-0.131783,2026-09,-26.0163,-0.363636,15,7,0,22
PETUN,PINAR ET VE UN,Stock,GIDA VE HAYVANCILIK,-12.7468,-0.038760,2026-09,-16.1207,-0.318182,14,7,1,22
GSDHO,GSD HOLDING,Stock,HOLDİNGLER,-13.0637,-0.085271,2026-09,-13.5076,-0.454545,16,6,0,22
ALKA,ALKIM KAGIT,Stock,KAĞIT VE AMBALAJ,-13.2059,-0.147287,2026-09,-28.1863,-0.545455,17,5,0,22
BTCIM,BATI CIMENTO,Stock,ÇİMENTO,-13.2893,-0.023256,2026-09,-54.5232,-0.545455,17,5,0,22
SISE,SISE CAM,VIOP,CAM,-13.3071,-0.054264,2026-09,-7.3700,-0.272727,14,8,0,22
VAKBN,VAKIFLAR BANKASI,VIOP,BANKALAR,-13.4468,-0.003876,2026-09,1.6383,0.090909,12,10,0,22
ALKIM,ALKIM KIMYA,Stock,KİMYASAL ÜRÜNLER,-13.5820,-0.124031,2026-09,-23.4496,-0.500000,16,5,1,22
ASGYO,ASCE GMYO,Stock,GYO,-13.7175,-0.093023,2026-09,-10.3291,-0.000000,10,10,2,22
PSDTC,PERGAMON DIS TICARET,Stock,PAZARLAMA,-13.8244,-0.224806,2026-09,-44.6357,-0.363636,15,7,0,22
DGGYO,DOGUS GMYO,Stock,GYO,-13.9265,-0.151163,2026-09,-16.6869,-0.227273,13,8,1,22
SNPAM,SONMEZ PAMUKLU,Stock,TEKSTİL,-13.9603,-0.124031,2026-09,-9.1546,-0.136364,12,9,1,22
ACSEL,ACIPAYAM SELULOZ,Stock,KİMYASAL ÜRÜNLER,-13.9632,-0.108527,2026-09,-27.0923,-0.363636,15,7,0,22
AFYON,AFYON CIMENTO,Stock,ÇİMENTO,-14.0263,-0.104651,2026-09,-15.3724,-0.272727,14,8,0,22
GARFA,GARANTI FAKTORING,Stock,FİNANSAL KİRALAMA VE FAKTORİNG,-14.0469,-0.158915,2026-09,-20.1460,-0.454545,16,6,0,22
BINBN,BIN ULASIM TEKNOLOJILERI,Stock,TEKNOLOJİ,-14.2578,0.011628,2026-09,-66.5143,-0.409091,15,6,1,22
ALCTL,ALCATEL LUCENT TELETAS,Stock,BİLGİSAYAR DONATIM,-14.2802,-0.027132,2026-09,-28.6147,-0.363636,15,7,0,22
GEDZA,GEDIZ AMBALAJ,Stock,KAĞIT VE AMBALAJ,-14.3018,-0.081395,2026-09,-25.5393,-0.363636,15,7,0,22
MRSHL,MARSHALL,Stock,BOYA,-14.3250,-0.104651,2026-09,-20.5379,-0.272727,14,8,0,22
AKGRT,AKSIGORTA,Stock,SİGORTA,-14.3788,-0.131783,2026-09,-17.8457,-0.363636,15,7,0,22
GLBMD,"GLOBAL MEN, DEG,",Stock,ARACI KURUMLAR,-14.6370,-0.197674,2026-09,-11.9896,-0.272727,14,8,0,22
AKBNK,AKBANK,VIOP,BANKALAR,-14.7030,-0.011628,2026-09,-6.7502,-0.090909,12,10,0,22
BORSK,BOR SEKER,Stock,GIDA VE HAYVANCILIK,-14.9102,-0.096899,2026-09,-14.4951,-0.136364,12,9,1,22
ZEDUR,ZEDUR ENERJI,Stock,ELEKTRİK,-14.9569,0.007752,2026-09,-31.5857,-0.681818,18,3,1,22
KLYPV,KALYON GUNES TEKNOLOJILERI,Stock,ELEKTRİK,-15.0575,-0.131783,2026-09,-17.0418,-0.181818,12,8,2,22
TTKOM,TURK TELEKOM,VIOP,HABERLEŞME,-15.0911,-0.038760,2026-09,0.8806,-0.136364,9,12,1,22
ADGYO,ADRA GMYO,Stock,GYO,-15.1629,-0.139535,2026-09,-21.8669,-0.227273,13,8,1,22
MSGYO,MISTRAL GMYO,Stock,GYO,-15.4399,-0.131783,2026-09,-12.9825,-0.454545,16,6,0,22
SKYLP,SKYALP FINANSAL TEKNOLOJILER,Stock,DİĞER,-15.4583,-0.155039,2026-09,-78.2105,-0.818182,20,2,0,22
BULGS,BULLS GSYO,Stock,GİRİŞİM SERMAYESİ,-15.5831,-0.112403,2026-09,-61.3909,-0.590909,17,4,1,22
BOBET,BOGAZICI BETON SANAYI,Stock,ÇİMENTO,-15.9734,-0.065891,2026-09,-21.2000,-0.090909,12,10,0,22
ENERY,ENERYA ENERJI,Stock,ELEKTRİK,-15.9740,-0.011628,2026-09,33.8057,-0.590909,4,17,1,22
VKGYO,VAKIF GMYO,Stock,GYO,-16.2081,-0.038760,2026-09,-15.1832,-0.136364,10,7,5,22
GARAN,GARANTI BANKASI,VIOP,BANKALAR,-16.2402,-0.038760,2026-09,-6.1115,-0.227273,13,8,1,22
SAHOL,SABANCI HOLDING,VIOP,HOLDİNGLER,-16.3194,-0.027132,2026-09,-9.0129,-0.227273,13,8,1,22
TBORG,"T,TUBORG",Stock,İÇECEK,-16.4949,-0.158915,2026-09,-20.4403,-0.636364,18,4,0,22
EUHOL,EURO YATIRIM HOLDING,Stock,HOLDİNGLER,-16.7437,-0.116279,2026-09,-16.4980,-0.272727,14,8,0,22
BLUME,Blume Metal Kimya Anonim Sirketi,Stock,KİMYASAL ÜRÜNLER,-16.9186,-0.042636,2026-09,-19.9140,-0.090909,11,9,2,22
DERIM,DERIMOD,Stock,TEKSTİL,-16.9767,-0.096899,2026-09,-27.4554,-0.500000,16,5,1,22
KUTPO,KUTAHYA PORSELEN,Stock,SERAMİK,-17.0669,-0.085271,2026-09,-20.3980,-0.318182,14,7,1,22
ODAS,ODAS ELEKTRIK,VIOP,ELEKTRİK,-17.1551,-0.011628,2026-09,-19.1257,-0.272727,14,8,0,22
THYAO,TURK HAVA YOLLARI,VIOP,ULAŞTIRMA - LOJİSTİK,-17.6614,-0.120155,2026-09,-6.2862,-0.045455,11,10,1,22
MACKO,MACKOLIK INTERNET HIZMETLERI,Stock,DİĞER,-17.9442,-0.069767,2026-09,-20.1413,-0.409091,15,6,1,22
OYYAT,OYAK YATIRIM MENKUL,Stock,ARACI KURUMLAR,-18.1128,0.027132,2026-09,-23.4870,-0.454545,16,6,0,22
YUNSA,YUNSA YUNLU,Stock,TEKSTİL,-18.1768,-0.151163,2026-09,-22.7895,-0.272727,14,8,0,22
GRSEL,GUR-SEL TURIZM TASIMACILIK,Stock,ULAŞTIRMA - LOJİSTİK,-18.5535,-0.031008,2026-09,-7.5000,-0.318182,13,6,3,22
MTRYO,"METRO YAT, ORT,",Stock,YATIRIM ORTAKLIKLARI,-18.6044,-0.096899,2026-09,-16.0855,-0.363636,15,7,0,22
TSPOR,TRABZONSPOR SPORTIF YATIRIM VE TICA,Stock,SPOR,-18.7267,-0.093023,2026-09,-26.6055,-0.318182,13,6,3,22
KIMMR,KIM MARKET-ERSAN ALISVERIS,Stock,PERAKENDE,-18.7463,-0.065891,2026-09,-19.0000,-0.090909,12,10,0,22
MEDTR,MEDITERA TIBBI MALZEME,Stock,SAĞLIK VE İLAÇ,-18.7920,-0.046512,2026-09,-28.9953,-0.636364,18,4,0,22
ALFAS,ALFA SOLAR ENERJI,Stock,ELEKTRİK,-18.8807,-0.081395,2026-09,-31.9745,-0.636364,18,4,0,22
PENTA,PENTA TEKNOLOJI URUNLERI DAGITIM,Stock,BİLGİSAYAR DONATIM,-19.0270,-0.096899,2026-09,-27.0455,-0.409091,15,6,1,22
MAALT,MARMARIS ALTINYUNUS,Stock,TURİZM,-19.0359,-0.189922,2026-09,-19.4008,-0.272727,14,8,0,22
BOSSA,BOSSA,Stock,TEKSTİL,-19.2030,-0.085271,2026-09,-8.8372,-0.227273,13,8,1,22
GWIND,GALATA WIND ENERJI,Stock,ELEKTRİK,-19.2313,-0.058140,2026-09,-12.7208,-0.363636,15,7,0,22
HDFGS,HEDEF GIRISIM,Stock,GİRİŞİM SERMAYESİ,-19.3295,-0.112403,2026-09,-65.1639,-0.681818,18,3,1,22
ULUFA,ULUSAL FAKTORING,Stock,FİNANSAL KİRALAMA VE FAKTORİNG,-19.6680,-0.038760,2026-09,-15.2439,-0.181818,10,6,6,22
MARMR,Marmara Holding AS,Stock,,-19.8230,-0.100775,2026-09,-34.9558,-0.454545,16,6,0,22
KLGYO,KILER GMYO,Stock,GYO,-20.0116,-0.116279,2026-09,-19.0283,-0.227273,13,8,1,22
BESLR,BESLER GIDA,Stock,GIDA VE HAYVANCILIK,-20.2645,-0.007752,2026-09,-15.7813,-0.272727,14,8,0,22
GOLTS,GOLTAS CIMENTO,Stock,ÇİMENTO,-20.8986,-0.073643,2026-09,-16.9843,-0.363636,15,7,0,22
RUBNS,RUBENIS TEKSTIL,Stock,TEKSTİL,-20.9256,-0.046512,2026-09,-52.5000,-0.500000,16,5,1,22
SANKO,SANKO PAZARLAMA,Stock,PAZARLAMA,-20.9782,-0.065891,2026-09,-6.5963,-0.000000,11,11,0,22
EGEGY,EGEYAPI AVRUPA GMYO,Stock,GYO,-21.2398,-0.062016,2026-09,-48.7500,-0.272727,14,8,0,22
EGSER,EGE SERAMIK,Stock,SERAMİK,-21.3457,-0.046512,2026-09,-12.3711,-0.181818,13,9,0,22
DYOBY,DYO BOYA,Stock,BOYA,-22.0461,-0.127907,2026-09,-26.9565,-0.272727,14,8,0,22
AYCES,ALTINYUNUS CESME,Stock,TURİZM,-22.0873,-0.116279,2026-09,-25.2784,-0.409091,15,6,1,22
A1CAP,A1 CAPITAL YATIRIM,Stock,ARACI KURUMLAR,-22.0931,-0.096899,2026-09,-48.3791,-0.500000,16,5,1,22
RODRG,RODRIGO TEKSTIL,Stock,TEKSTİL,-22.2291,-0.166667,2026-09,-38.7036,-0.818182,20,2,0,22
AKFGY,AKFEN GMYO,Stock,GYO,-22.2464,-0.062016,2026-09,-3.8321,-0.136364,12,9,1,22
LYDYE,LYDIA YESIL ENERJI,Stock,ELEKTRİK,-22.3461,-0.139535,2026-09,-66.4654,-0.681818,18,3,1,22
VAKFA,Vakif Faktoring A.S.,Stock,FİNANSAL KİRALAMA VE FAKTORİNG,-22.4162,-0.081395,2026-09,-21.2366,-0.409091,15,6,1,22
IHAAS,IHLAS HABER AJANSI,Stock,MEDYA,-22.9752,0.015504,2026-09,-63.8499,-0.681818,18,3,1,22
BEYAZ,BEYAZ FILO,Stock,ULAŞTIRMA - LOJİSTİK,-23.0677,-0.143411,2026-09,-29.8002,-0.409091,15,6,1,22
MAVI,MAVI GIYIM,Stock,PERAKENDE,-23.1157,-0.050388,2026-09,0.1627,-0.272727,8,14,0,22
EKOS,EKOS TEKNOLOJI,Stock,ELEKTRİK,-23.1510,-0.139535,2026-09,-38.3743,-0.590909,17,4,1,22
PATEK,PASIFIK TEKNOLOJI,Stock,TEKNOLOJİ,-23.4221,-0.131783,2026-09,-34.9903,-0.090909,12,10,0,22
SILVR,SILVERLINE ENDUSTRI,Stock,DAYANIKLI TÜKETİM,-23.4242,-0.093023,2026-09,-29.5964,-0.545455,17,5,0,22
KLMSN,KLIMASAN KLIMA,Stock,DAYANIKLI TÜKETİM,-23.4645,-0.143411,2026-09,-26.2341,-0.227273,13,8,1,22
LOGO,LOGO YAZILIM,Stock,TEKNOLOJİ,-23.4850,-0.127907,2026-09,1.3423,0.090909,12,10,0,22
MAKIM,MAKIM MAKINE,Stock,DEMİR ÇELİK,-23.5132,-0.186047,2026-09,-24.3450,-0.181818,13,9,0,22
GLCVY,GELECEK VARLIK YONETIMI,Stock,BANKALAR,-23.5799,-0.124031,2026-09,-24.1802,-0.409091,15,6,1,22
ERBOS,ERBOSAN,Stock,DEMİR ÇELİK,-23.6174,-0.081395,2026-09,-22.2074,-0.272727,14,8,0,22
KRSTL,KRISTAL KOLA,Stock,İÇECEK,-23.6421,-0.089147,2026-09,-17.3056,-0.227273,13,8,1,22
OYAKC,OYAK CIMENTO,VIOP,ÇİMENTO,-23.8280,-0.050388,2026-09,-10.1423,-0.090909,12,10,0,22
TDGYO,TREND GMYO,Stock,GYO,-23.8737,-0.023256,2026-09,-56.8389,-0.181818,13,9,0,22
IHEVA,IHLAS EV ALETLERI,Stock,DAYANIKLI TÜKETİM,-23.9181,-0.104651,2026-09,-17.2589,-0.136364,10,7,5,22
NIBAS,NIGBAS NIGDE BETON,Stock,ÇİMENTO,-24.3043,-0.139535,2026-09,-32.5123,-0.545455,17,5,0,22
BUCIM,BURSA CIMENTO,Stock,ÇİMENTO,-24.3927,-0.116279,2026-09,-15.2098,-0.272727,13,7,2,22
ISSEN,ISBIR SENTETIK DOKUMA,Stock,TEKSTİL,-24.5137,-0.131783,2026-09,-25.6854,-0.454545,16,6,0,22
DZGYO,DENIZ GMYO,Stock,GYO,-24.5444,0.003876,2026-09,-9.3484,-0.136364,12,9,1,22
GOODY,GOOD-YEAR,Stock,OTOMOTİV PARÇASI,-24.7876,-0.058140,2026-09,-19.9234,-0.227273,13,8,1,22
ISCTR,IS BANKASI (C),VIOP,BANKALAR,-24.8165,-0.100775,2026-09,-3.4810,-0.090909,12,10,0,22
MNDRS,MENDERES TEKSTIL,Stock,TEKSTİL,-25.1500,-0.120155,2026-09,-23.9243,-0.500000,16,5,1,22
ELITE,ELITE NATUREL ORGANIK GIDA,Stock,İÇECEK,-25.1505,-0.112403,2026-09,-30.2129,-0.454545,16,6,0,22
INGRM,INGRAM MICRO BILISIM SISTEMLERI AS,Stock,BİLGİSAYAR DONATIM,-25.2528,-0.124031,2026-09,-20.4365,-0.272727,12,6,4,22
ULKER,ULKER BISKUVI,VIOP,GIDA VE HAYVANCILIK,-25.3704,-0.081395,2026-09,-7.2262,-0.000000,11,11,0,22
YKSLN,YUKSELEN CELIK,Stock,DEMİR ÇELİK,-25.4482,-0.062016,2026-09,-22.6766,-0.318182,14,7,1,22
MRGYO,MARTI GMYO,Stock,GYO,-25.4579,-0.058140,2026-09,-36.2500,-0.045455,11,10,1,22
SERNT,SERANIT GRANIT SERAMIK,Stock,SERAMİK,-25.5347,-0.027132,2026-09,-38.6163,-0.318182,14,7,1,22
NTHOL,NET HOLDING,Stock,HOLDİNGLER,-25.7336,-0.034884,2026-09,-16.2465,-0.181818,13,9,0,22
GEDIK,"GEDIK Y, MEN, DEG,",Stock,ARACI KURUMLAR,-25.7733,-0.120155,2026-09,-21.1920,-0.454545,16,6,0,22
BIZIM,BIZIM MAGAZALARI,Stock,PERAKENDE,-25.7761,-0.127907,2026-09,-22.9115,-0.454545,16,6,0,22
KARSN,KARSAN OTOMOTIV,Stock,OTOMOTİV,-25.8052,-0.112403,2026-09,-8.0972,-0.000000,11,11,0,22
KLNMA,"T, KALKINMA BANK,",Stock,SINIFLANDIRMA DIŞI,-25.8615,-0.143411,2026-09,-16.8729,-0.454545,15,5,2,22
BNTAS,BANTAS AMBALAJ,Stock,KAĞIT VE AMBALAJ,-25.8798,-0.174419,2026-09,-14.4882,-0.181818,13,9,0,22
RTALB,RTA LABORATUVARLARI,Stock,SAĞLIK VE İLAÇ,-25.8981,-0.104651,2026-09,-34.8432,-0.454545,16,6,0,22
ISMEN,"IS Y, MEN, DEG,",Stock,ARACI KURUMLAR,-26.1746,-0.193798,2026-09,-10.8368,-0.454545,16,6,0,22
KLSER,KALESERAMIK,Stock,SERAMİK,-26.2518,-0.162791,2026-09,-24.2175,-0.272727,14,8,0,22
BVSAN,BULBULOGLU VINC,Stock,İNŞAAT MALZEMELERİ,-26.4989,-0.065891,2026-09,-31.7743,-0.272727,14,8,0,22
ENTRA,"IC ENTERRA YEN, ENERJI",Stock,ELEKTRİK,-26.5773,-0.081395,2026-09,-5.3613,-0.045455,11,10,1,22
ZRGYO,ZIRAAT GMYO,Stock,GYO,-26.6852,-0.096899,2026-09,-1.1271,-0.000000,11,11,0,22
SRVGY,SERVET GMYO,Stock,GYO,-26.7683,-0.096899,2026-09,-17.7165,-0.363636,15,7,0,22
BRKSN,BERKOSAN YALITIM,Stock,İNŞAAT MALZEMELERİ,-26.9155,-0.085271,2026-09,-28.0791,-0.500000,16,5,1,22
LMKDC,LIMAK DOGU ANADOLU,Stock,ÇİMENTO,-26.9937,-0.104651,2026-09,-1.1966,-0.181818,13,9,0,22
ANGEN,ANATOLIA TANI VE BIYOTEKNOLOJI,Stock,SAĞLIK VE İLAÇ,-27.0358,-0.034884,2026-09,-24.7503,-0.363636,15,7,0,22
MNDTR,MONDI TURKEY,Stock,KAĞIT VE AMBALAJ,-27.2171,-0.093023,2026-09,-20.6061,-0.500000,16,5,1,22
MIATK,MIA TEKNOLOJI,Stock,TEKNOLOJİ,-27.2979,-0.065891,2026-09,-24.4869,-0.000000,11,11,0,22
GLRYH,"GULER YAT, HOLDING",Stock,HOLDİNGLER,-27.3280,-0.100775,2026-09,-47.8125,-0.590909,17,4,1,22
CIMSA,CIMSA CIMENTO,VIOP,ÇİMENTO,-27.5141,-0.065891,2026-09,-6.7144,-0.000000,11,11,0,22
PARSN,PARSAN,Stock,OTOMOTİV PARÇASI,-27.5612,-0.135659,2026-09,-17.5053,-0.363636,15,7,0,22
YYLGD,YAYLA GIDA,Stock,GIDA VE HAYVANCILIK,-27.6042,-0.166667,2026-09,-30.8983,-0.454545,16,6,0,22
GRNYO,"GARANTI YAT, ORT,",Stock,YATIRIM ORTAKLIKLARI,-27.6154,-0.197674,2026-09,-44.5030,-0.454545,16,6,0,22
ASUZU,ANADOLU ISUZU,Stock,OTOMOTİV,-27.6545,-0.089147,2026-09,-13.2500,-0.363636,14,6,2,22
GOKNR,GOKNUR GIDA,Stock,İÇECEK,-28.3222,-0.143411,2026-09,-17.6504,-0.363636,15,7,0,22
BASCM,BASTAS BASKENT CIMENTO,Stock,ÇİMENTO,-28.5159,-0.182171,2026-09,-22.4576,-0.181818,11,7,4,22
CGCAM,CAGDAS CAM,Stock,CAM,-28.5575,-0.089147,2026-09,-44.5080,-0.545455,17,5,0,22
MHRGY,MHR GMYO,Stock,GYO,-28.9864,-0.143411,2026-09,-20.6154,-0.227273,13,8,1,22
BANVT,BANVIT,Stock,GIDA VE HAYVANCILIK,-29.0475,-0.209302,2026-09,-16.6667,-0.363636,15,7,0,22
MARBL,TUREKS TURUNC MADENCILIK,Stock,SERAMİK,-29.2438,-0.085271,2026-09,-31.0897,-0.454545,16,6,0,22
YIGIT,YIGIT AKU,Stock,OTOMOTİV PARÇASI,-29.2516,-0.069767,2026-09,-25.5996,-0.318182,14,7,1,22
LUKSK,LUKS KADIFE,Stock,TEKSTİL,-29.2590,-0.147287,2026-09,-26.4706,-0.272727,14,8,0,22
PAHOL,PASIFIK HOLDING A.S,Stock,HOLDİNGLER,-29.3698,-0.050388,2026-09,-37.1212,-0.363636,14,6,2,22
PRKME,"PARK ELEK,MADENCILIK",Stock,MADENCİLİK,-29.6865,-0.011628,2026-09,-30.0717,-0.545455,17,5,0,22
ATAKP,ATAKEY PATATES,Stock,GIDA VE HAYVANCILIK,-29.9953,-0.104651,2026-09,-25.6259,-0.636364,18,4,0,22
TUREX,TUREKS TURIZM TASIMACILIK,Stock,ULAŞTIRMA - LOJİSTİK,-30.1904,-0.220930,2026-09,-13.0435,-0.272727,14,8,0,22
DIRIT,DIRITEKS DIRILIS TEKSTIL,Stock,TEKSTİL,-30.2601,-0.151163,2026-09,-25.6908,-0.090909,11,9,2,22
BERA,BERA HOLDING,Stock,HOLDİNGLER,-30.2845,-0.023256,2026-09,-15.0735,-0.181818,13,9,0,22
OYLUM,OYLUM SINAI YATIRIMLAR,Stock,GIDA VE HAYVANCILIK,-30.2957,-0.193798,2026-09,-13.2497,-0.272727,14,8,0,22
AVHOL,AVRUPA YATIRIM HOLDING,Stock,HOLDİNGLER,-30.3672,-0.034884,2026-09,-29.3754,-0.363636,15,7,0,22
TLMAN,TRABZON LIMAN,Stock,ULAŞTIRMA - LOJİSTİK,-30.4023,-0.093023,2026-09,-22.6049,-0.318182,14,7,1,22
DENGE,DENGE HOLDING,Stock,HOLDİNGLER,-30.4447,-0.127907,2026-09,-23.5043,-0.454545,16,6,0,22
FROTO,FORD OTOSAN,VIOP,OTOMOTİV,-30.9126,-0.162791,2026-09,-4.4184,-0.181818,13,9,0,22
KZGYO,KUZUGRUP GMYO,Stock,GYO,-31.0502,-0.104651,2026-09,-30.3480,-0.090909,12,10,0,22
YAPRK,"YAPRAK SUT VE BESI CIFT,",Stock,GIDA VE HAYVANCILIK,-31.5340,-0.220930,2026-09,-24.4898,-0.590909,17,4,1,22
MERIT,MERIT TURIZM,Stock,TURİZM,-31.5993,-0.089147,2026-09,-12.4519,-0.000000,11,11,0,22
ARFYE,ARF Bio Yenilenebilir Enerji Uretim AS,Stock,ELEKTRİK,-31.6144,-0.062016,2026-09,-34.0102,-0.363636,15,7,0,22
HATEK,HATAY TEKSTIL,Stock,TEKSTİL,-31.6203,-0.031008,2026-09,-37.6452,-0.454545,16,6,0,22
VKFYO,"VAKIF YAT, ORT,",Stock,YATIRIM ORTAKLIKLARI,-31.6617,-0.201550,2026-09,-28.4483,-0.454545,16,6,0,22
TSKB,"T,S,K,B,",VIOP,BANKALAR,-32.1050,-0.108527,2026-09,-11.8024,-0.272727,14,8,0,22
KFEIN,KAFEIN YAZILIM,Stock,TEKNOLOJİ,-32.1630,-0.139535,2026-09,-29.9020,-0.272727,14,8,0,22
BFREN,BOSCH FREN SISTEMLERI,Stock,OTOMOTİV PARÇASI,-32.1680,-0.197674,2026-09,-20.3125,-0.363636,15,7,0,22
SKBNK,SEKERBANK,Stock,BANKALAR,-32.2057,0.031008,2026-09,-20.3526,-0.227273,13,8,1,22
KAREL,KAREL ELEKTRONIK,Stock,BİLGİSAYAR DONATIM,-32.2170,-0.081395,2026-09,-32.7103,-0.636364,18,4,0,22
VKING,VIKING KAGIT,Stock,KAĞIT VE AMBALAJ,-32.2232,-0.127907,2026-09,-33.3022,-0.454545,16,6,0,22
TSGYO,TSKB GMYO,Stock,GYO,-32.3335,-0.031008,2026-09,-20.3046,-0.272727,14,8,0,22
AGYO,ATAKULE GMYO,Stock,GYO,-32.5281,-0.104651,2026-09,-12.0000,-0.227273,13,8,1,22
HTTBT,HITIT BILGISAYAR,Stock,BİLGİSAYAR DONATIM,-32.6449,-0.178295,2026-09,-12.6462,-0.272727,14,8,0,22
ISBIR,ISBIR HOLDING,Stock,HOLDİNGLER,-32.8089,-0.147287,2026-09,-24.6217,-0.136364,12,9,1,22
DESPC,DESPEC BILGISAYAR,Stock,BİLGİSAYAR DONATIM,-33.3546,-0.100775,2026-09,-28.3678,-0.454545,16,6,0,22
KLKIM,KALEKIM KIMYEVI MADDELER,Stock,İNŞAAT MALZEMELERİ,-33.4085,-0.127907,2026-09,-17.9160,-0.318182,14,7,1,22
OBASE,OBASE BILGISAYAR,Stock,TEKNOLOJİ,-33.4119,-0.065891,2026-09,-29.2432,-0.454545,16,6,0,22
TURGG,TURKER PROJE GAYRIMENKUL,Stock,İNŞAAT - TAAHHÜT,-34.1640,-0.108527,2026-09,-19.1761,-0.090909,12,10,0,22
ADEL,ADEL KALEMCILIK,Stock,DİĞER,-34.2572,-0.174419,2026-09,-26.9795,-0.272727,14,8,0,22
LKMNH,LOKMAN HEKIM SAGLIK,Stock,SAĞLIK VE İLAÇ,-34.4517,-0.096899,2026-09,-13.6543,-0.272727,14,8,0,22
SNGYO,SINPAS GMYO,Stock,GYO,-34.4868,-0.058140,2026-09,-20.5882,-0.363636,14,6,2,22
TTRAK,TURK TRAKTOR,Stock,OTOMOTİV,-34.6175,-0.058140,2026-09,-4.7953,-0.000000,11,11,0,22
IHGZT,IHLAS GAZETECILIK,Stock,MEDYA,-34.6299,-0.143411,2026-09,-21.8487,-0.227273,12,7,3,22
MOPAS,MOPAS MARKETCILIK,Stock,PERAKENDE,-34.7039,-0.108527,2026-09,-27.1158,-0.181818,13,9,0,22
KNFRT,KONFRUT GIDA,Stock,GIDA VE HAYVANCILIK,-35.1687,-0.093023,2026-09,-19.1589,-0.136364,12,9,1,22
KONYA,KONYA CIMENTO,Stock,ÇİMENTO,-35.2413,-0.182171,2026-09,-9.7938,-0.272727,14,8,0,22
ARCLK,ARCELIK,VIOP,DAYANIKLI TÜKETİM,-35.2626,-0.182171,2026-09,-10.9763,-0.136364,12,9,1,22
ORMA,ORMA ORMAN MAHSULLERI,Stock,MOBİLYA,-35.3491,-0.220930,2026-09,-18.8279,-0.409091,15,6,1,22
INTEM,INTEMA,Stock,İNŞAAT MALZEMELERİ,-35.4990,-0.147287,2026-09,-23.8723,-0.272727,14,8,0,22
BRYAT,"BORUSAN YAT, PAZ,",Stock,HOLDİNGLER,-35.8482,-0.189922,2026-09,-15.6045,-0.181818,13,9,0,22
DESA,DESA DERI,Stock,TEKSTİL,-35.9870,-0.096899,2026-09,-13.2879,-0.272727,14,8,0,22
SMART,SMARTIKS YAZILIM,Stock,TEKNOLOJİ,-36.0316,-0.131783,2026-09,-34.6350,-0.500000,16,5,1,22
AVGYO,AVRASYA GMYO,Stock,GYO,-36.1356,-0.112403,2026-09,-3.3670,-0.181818,13,9,0,22
SNICA,SANICA ISI SANAYI,Stock,İNŞAAT MALZEMELERİ,-36.3370,-0.108527,2026-09,-31.6770,-0.454545,15,5,2,22
GSRAY,GALATASARAY SPORTIF,Stock,SPOR,-36.5169,-0.116279,2026-09,-27.5229,-0.545455,15,3,4,22
IZINV,IZ YATIRIM HOLDING,Stock,GIDA VE HAYVANCILIK,-36.7959,-0.236434,2026-09,-43.1818,-0.545455,17,5,0,22
SUNTK,SUN TEKSTIL,Stock,TEKSTİL,-36.9085,-0.065891,2026-09,-26.6352,-0.363636,15,7,0,22
KAYSE,KAYSERI SEKER FABRIKASI,Stock,GIDA VE HAYVANCILIK,-36.9509,-0.174419,2026-09,-28.9786,-0.454545,16,6,0,22
EFOR,Efor Yatirim Sanayi Ticaret A.S.,Stock,,-36.9795,0.019380,2026-09,-24.5283,-0.000000,11,11,0,22
MEPET,METRO PETROL VE TESISLERI,Stock,PERAKENDE,-37.1083,-0.166667,2026-09,-4.8120,-0.272727,14,8,0,22
OSMEN,OSMANLI MENKUL,Stock,ARACI KURUMLAR,-37.1160,-0.112403,2026-09,-29.9301,-0.181818,13,9,0,22
MERKO,MERKO GIDA,Stock,GIDA VE HAYVANCILIK,-37.1172,-0.085271,2026-09,-29.2308,-0.500000,15,4,3,22
COSMO,"COSMOS YAT, HOLDING",Stock,HOLDİNGLER,-37.3189,-0.155039,2026-09,-36.9268,-0.727273,19,3,0,22
PAPIL,PAPILON SAVUNMA,Stock,TEKNOLOJİ,-37.5276,-0.131783,2026-09,-46.9109,-0.363636,15,7,0,22
ZERGY,Zeray Gayrimenkul Yatirim Ortakligi AS,Stock,GYO,-37.5390,-0.073643,2026-09,-35.2878,-0.318182,13,6,3,22
BAGFS,BAGFAS,Stock,TARIM KİMYASALLARI,-37.7407,-0.108527,2026-09,-18.8351,-0.090909,12,10,0,22
ATLAS,"ATLAS YAT, ORT,",Stock,YATIRIM ORTAKLIKLARI,-37.7993,-0.193798,2026-09,-25.7377,-0.272727,14,8,0,22
RUZYE,RUZY MADENCILIK VE ENERJI,Stock,MADENCİLİK,-37.8721,-0.139535,2026-09,-46.1628,-0.454545,16,6,0,22
CLEBI,CELEBI,Stock,ULAŞTIRMA - LOJİSTİK,-37.9250,-0.209302,2026-09,-8.5062,-0.272727,14,8,0,22
ULAS,"ULASLAR TURIZM YAT,",Stock,TURİZM,-37.9385,-0.162791,2026-09,-36.5330,-0.500000,16,5,1,22
ARENA,ARENA BILGISAYAR,Stock,BİLGİSAYAR DONATIM,-38.0068,-0.127907,2026-09,-28.7777,-0.363636,15,7,0,22
MAGEN,MARGUN ENERJI,Stock,ELEKTRİK,-38.1537,0.174419,2026-09,-66.1968,-0.318182,14,7,1,22
PAMEL,PAMEL ELEKTRIK,Stock,ELEKTRİK,-38.1946,-0.147287,2026-09,-40.5548,-0.818182,20,2,0,22
JANTS,JANTSA JANT SANAYI,Stock,OTOMOTİV PARÇASI,-38.3314,-0.182171,2026-09,-14.7742,-0.181818,13,9,0,22
NUGYO,NUROL GMYO,Stock,GYO,-38.4577,-0.120155,2026-09,-20.3579,-0.363636,15,7,0,22
FENER,FENERBAHCE FUTBOL,Stock,SPOR,-38.4763,-0.073643,2026-09,-25.5591,-0.363636,14,6,2,22
BIGCH,BUYUK SEFLER BIGCHEFS,Stock,GIDA VE HAYVANCILIK,-38.5703,-0.065891,2026-09,-40.4709,-0.590909,17,4,1,22
BAYRK,BAYRAK TABAN SANAYI,Stock,KİMYASAL ÜRÜNLER,-38.7418,-0.127907,2026-09,-36.7059,-0.454545,16,6,0,22
QNBFK,QNB FINANSAL KIRALAMA,Stock,SINIFLANDIRMA DIŞI,-38.7947,-0.255814,2026-09,-16.5226,-0.227273,12,7,3,22
BMSCH,BMS CELIK HASIR,Stock,DEMİR ÇELİK,-38.8783,-0.108527,2026-09,-22.5092,-0.181818,13,9,0,22
IHLGM,IHLAS GAYRIMENKUL,Stock,GYO,-39.2856,-0.186047,2026-09,-28.3019,-0.363636,14,6,2,22
ZOREN,ZORLU ENERJI,Stock,ELEKTRİK,-39.2998,-0.135659,2026-09,-19.3965,-0.136364,12,9,1,22
CONSE,CONSUS ENERJI,Stock,ELEKTRİK,-39.3998,-0.131783,2026-09,-30.3965,-0.545455,17,5,0,22
CEMTS,CEMTAS,Stock,DEMİR ÇELİK,-39.5142,-0.166667,2026-09,-13.4857,-0.227273,13,8,1,22
EKIZ,EKIZ KIMYA,Stock,GIDA VE HAYVANCILIK,-39.8756,-0.135659,2026-09,-29.3433,-0.090909,12,10,0,22
DARDL,DARDANEL,Stock,GIDA VE HAYVANCILIK,-40.0027,-0.116279,2026-09,-33.5366,-0.590909,16,3,3,22
CEOEM,CEO EVENT MEDYA,Stock,DİĞER,-40.1018,-0.124031,2026-09,-24.9006,-0.090909,12,10,0,22
UNLU,UNLU YATIRIM HOLDING,Stock,ARACI KURUMLAR,-40.1564,-0.120155,2026-09,-1.3661,-0.090909,12,10,0,22
ISYAT,"IS YAT, ORT,",Stock,YATIRIM ORTAKLIKLARI,-40.6025,-0.124031,2026-09,-9.6076,-0.136364,12,9,1,22
KATMR,KATMERCILER EKIPMAN,Stock,OTOMOTİV PARÇASI,-40.8776,-0.019380,2026-09,-26.8293,-0.363636,15,7,0,22
EMNIS,EMINIS AMBALAJ,Stock,KAĞIT VE AMBALAJ,-40.9725,-0.209302,2026-09,-23.1169,-0.136364,12,9,1,22
MZHLD,MAZHAR ZORLU HOLDING,Stock,HOLDİNGLER,-41.2384,-0.170543,2026-09,-20.5224,-0.590909,17,4,1,22
CMENT,CIMENTAS,Stock,ÇİMENTO,-41.2529,-0.220930,2026-09,-10.0380,-0.409091,15,6,1,22
KOTON,KOTON MAGAZACILIK,Stock,PERAKENDE,-41.2583,-0.093023,2026-09,-22.2930,-0.545455,17,5,0,22
ALCAR,ALARKO CARRIER,Stock,DAYANIKLI TÜKETİM,-42.1310,-0.162791,2026-09,-12.9032,-0.000000,11,11,0,22
EGEEN,EGE ENDUSTRI,Stock,OTOMOTİV PARÇASI,-42.5965,-0.162791,2026-09,-0.0985,-0.181818,13,9,0,22
BIOEN,BIOTREND CEVRE VE ENERJI,Stock,ELEKTRİK,-42.7499,-0.186047,2026-09,-40.7853,-0.363636,15,7,0,22
INTEK,INNOSA TEKNOLOJI,Stock,BOYA,-42.8708,-0.108527,2026-09,-30.0211,-0.545455,17,5,0,22
CMBTN,CIMBETON,Stock,ÇİMENTO,-42.9209,-0.236434,2026-09,-21.9417,-0.363636,15,7,0,22
FZLGY,FUZUL GMYO,Stock,GYO,-42.9535,-0.019380,2026-09,-45.4835,-0.090909,12,10,0,22
ONRYT,ONUR TEKNOLOJI,Stock,TEKNOLOJİ,-43.0894,-0.085271,2026-09,-35.4242,-0.363636,15,7,0,22
VERTU,VERUSATURK GIRISIM,Stock,GİRİŞİM SERMAYESİ,-43.2058,-0.178295,2026-09,-25.8511,-0.454545,16,6,0,22
SEYKM,SEYITLER KIMYA,Stock,KİMYASAL ÜRÜNLER,-43.3398,-0.232558,2026-09,-39.1892,-0.500000,16,5,1,22
ATAGY,ATA GMYO,Stock,GYO,-43.3523,-0.189922,2026-09,-18.2828,-0.545455,17,5,0,22
PGSUS,PEGASUS,VIOP,ULAŞTIRMA - LOJİSTİK,-43.7273,-0.217054,2026-09,-7.4150,-0.090909,12,10,0,22
POLTK,POLITEKNIK METAL,Stock,KİMYASAL ÜRÜNLER,-44.1785,-0.135659,2026-09,-34.1289,-0.454545,16,6,0,22
DOFER,DOFER YAPI MALZEMELERI,Stock,İNŞAAT MALZEMELERİ,-44.3665,-0.027132,2026-09,-24.8571,-0.363636,15,7,0,22
IDGYO,IDEALIST GMYO,Stock,GYO,-44.7765,-0.081395,2026-09,-32.4503,-0.454545,16,6,0,22
CASA,CASA EMTIA PETROL,Stock,PERAKENDE,-44.8296,-0.189922,2026-09,-39.7502,-0.545455,16,4,2,22
TEZOL,EUROPAP TEZOL KAGIT,Stock,KAĞIT VE AMBALAJ,-45.7967,-0.124031,2026-09,-20.9626,-0.090909,12,10,0,22
SANFM,SANIFOAM ENDUSTRI,Stock,İNŞAAT MALZEMELERİ,-46.3595,-0.034884,2026-09,-62.9451,-0.590909,17,4,1,22
GRTHO,GRAINTURK HOLDING,Stock,GIDA VE HAYVANCILIK,-46.4992,-0.104651,2026-09,-43.8891,-0.272727,14,8,0,22
TUKAS,TUKAS GIDA,Stock,GIDA VE HAYVANCILIK,-46.5876,-0.093023,2026-09,-3.9604,-0.318182,14,7,1,22
HEKTS,HEKTAS,VIOP,TARIM KİMYASALLARI,-46.6060,-0.143411,2026-09,-25.2747,-0.272727,13,7,2,22
BALAT,BALATACILAR BALATACILIK,Stock,OTOMOTİV PARÇASI,-46.9780,-0.217054,2026-09,-35.7469,-0.181818,12,8,2,22
SEGYO,SEKER GMYO,Stock,GYO,-47.1762,-0.120155,2026-09,-27.4869,-0.409091,14,5,3,22
PLTUR,PLATFORM TURIZM,Stock,ULAŞTIRMA - LOJİSTİK,-47.3938,-0.116279,2026-09,-25.5429,-0.181818,13,9,0,22
AKYHO,AKDENIZ YATIRIM HOLDING,Stock,HOLDİNGLER,-47.6321,-0.170543,2026-09,-20.2830,-0.409091,14,5,3,22
SUWEN,SUWEN TEKSTIL,Stock,PERAKENDE,-47.9313,-0.240310,2026-09,-19.6339,-0.090909,11,9,2,22
IMASM,IMAS MAKINA,Stock,OTOMOTİV PARÇASI,-48.0720,-0.127907,2026-09,-33.9207,-0.545455,16,4,2,22
TNZTP,TAPDI TINAZTEPE,Stock,SAĞLIK VE İLAÇ,-48.1001,-0.015504,2026-09,-21.8750,-0.272727,13,7,2,22
RAYSG,RAY SIGORTA,Stock,SİGORTA,-48.1006,-0.201550,2026-09,-20.6452,-0.272727,14,8,0,22
REEDR,REEDER TEKNOLOJI,Stock,BİLGİSAYAR DONATIM,-48.3113,-0.112403,2026-09,-41.7391,-0.590909,17,4,1,22
SARKY,SARKUYSAN,Stock,İNŞAAT MALZEMELERİ,-48.5375,-0.042636,2026-09,-21.3089,-0.363636,15,7,0,22
CUSAN,CUHADAROGLU METAL,Stock,DEMİR ÇELİK,-48.5717,-0.104651,2026-09,-25.7917,-0.272727,14,8,0,22
NATEN,NATUREL ENERJI,Stock,ELEKTRİK,-48.7598,-0.205426,2026-09,-30.2368,-0.363636,15,7,0,22
TKNSA,TEKNOSA IC VE DIS TICARET,Stock,PERAKENDE,-48.7933,-0.248062,2026-09,-30.2778,-0.454545,16,6,0,22
TMSN,TUMOSAN MOTOR VE TRAKTOR,Stock,OTOMOTİV,-48.8869,-0.162791,2026-09,-25.8839,-0.272727,14,8,0,22
CEMAS,CEMAS DOKUM,Stock,DEMİR ÇELİK,-49.0829,-0.201550,2026-09,-25.8537,-0.363636,15,7,0,22
PRKAB,TURK PRYSMIAN KABLO,Stock,KABLO,-49.3923,-0.158915,2026-09,-25.0483,-0.545455,17,5,0,22
OSTIM,OSTIM ENDUSTRIYEL YAT,Stock,HOLDİNGLER,-49.5864,-0.151163,2026-09,-23.5294,-0.318182,14,7,1,22
BIENY,BIEN YAPI URUNLERI,Stock,SERAMİK,-49.9043,-0.093023,2026-09,-34.8416,-0.727273,19,3,0,22
SEKFK,"SEKER FIN, KIR,",Stock,FİNANSAL KİRALAMA VE FAKTORİNG,-50.2365,-0.108527,2026-09,-12.2768,-0.363636,15,7,0,22
YONGA,YONGA MOBILYA,Stock,MOBİLYA,-50.4622,-0.166667,2026-09,-29.2075,-0.454545,16,6,0,22
VRGYO,VERA KONSEPT GMYO,Stock,GYO,-50.6751,-0.131783,2026-09,-24.0223,-0.227273,13,8,1,22
DOKTA,DOKTAS DOKUMCULUK,Stock,OTOMOTİV PARÇASI,-50.9003,-0.143411,2026-09,-32.0863,-0.181818,13,9,0,22
GIPTA,GIPTA OFIS KIRTASIYE,Stock,DİĞER,-50.9635,-0.166667,2026-09,-66.4527,-0.636364,18,4,0,22
SEKUR,SEKURO PLASTIK,Stock,KAĞIT VE AMBALAJ,-51.5402,-0.147287,2026-09,-64.6231,-0.636364,18,4,0,22
YESIL,YESIL YATIRIM HOLDING,Stock,HOLDİNGLER,-51.6753,-0.143411,2026-09,-30.4348,-0.363636,14,6,2,22
VAKFN,"VAKIF FIN, KIR,",Stock,FİNANSAL KİRALAMA VE FAKTORİNG,-52.0504,-0.151163,2026-09,-22.2222,-0.227273,10,5,7,22
GENTS,GENTAS,Stock,MOBİLYA,-52.2838,-0.124031,2026-09,-21.4425,-0.227273,13,8,1,22
ERCB,ERCIYAS CELIK BORU,Stock,DEMİR ÇELİK,-52.2882,-0.155039,2026-09,-23.9468,-0.454545,16,6,0,22
VESTL,VESTEL,VIOP,DAYANIKLI TÜKETİM,-52.5007,-0.155039,2026-09,-23.1707,-0.363636,15,7,0,22
EPLAS,EGEPLAST,Stock,İNŞAAT MALZEMELERİ,-52.5617,-0.135659,2026-09,-14.3339,-0.090909,12,10,0,22
CANTE,CAN2 TERMIK,Stock,ELEKTRİK,-52.8569,-0.151163,2026-09,-26.0870,-0.136364,11,8,3,22
KSTUR,KUSTUR KUSADASI TURIZM,Stock,TURİZM,-53.0151,-0.228682,2026-09,-25.7025,-0.454545,15,5,2,22
SASA,SASA POLYESTER,VIOP,TEKSTİL,-54.1762,-0.096899,2026-09,-23.4043,-0.318182,14,7,1,22
MMCAS,"MMC SAN, VE TIC, YAT,",Stock,ULAŞTIRMA - LOJİSTİK,-54.2771,-0.170543,2026-09,-69.7860,-0.545455,17,5,0,22
DERHL,DERLUKS YATIRIM HOLDING,Stock,TEKSTİL,-54.3028,-0.158915,2026-09,-23.0769,-0.090909,11,9,2,22
SURGY,SUR TATIL EVLERI GMYO,Stock,GYO,-55.0651,-0.135659,2026-09,-36.4331,-0.454545,16,6,0,22
YAYLA,"YAYLA EN, UR, TUR, VE INS",Stock,İNŞAAT - ELEKTRİK,-55.3151,-0.139535,2026-09,-39.1056,-0.454545,16,6,0,22
EYGYO,EYG GMYO,Stock,GYO,-55.3614,-0.054264,2026-09,-28.1588,-0.227273,13,8,1,22
INVEO,INVEO YATIRIM HOLDING,Stock,HOLDİNGLER,-56.0110,-0.131783,2026-09,-21.1679,-0.363636,15,7,0,22
IHYAY,IHLAS YAYIN HOLDING,Stock,HOLDİNGLER,-56.0959,-0.143411,2026-09,-18.8525,-0.272727,13,7,2,22
PKENT,PETROKENT TURIZM,Stock,TURİZM,-56.7993,-0.131783,2026-09,-27.5876,-0.363636,15,7,0,22
MAKTK,MAKINA TAKIM,Stock,İNŞAAT MALZEMELERİ,-57.0575,-0.201550,2026-09,-41.5112,-0.545455,17,5,0,22
KZBGY,KIZILBUK GYO,Stock,GYO,-57.4739,-0.023256,2026-09,-29.8969,-0.545455,17,5,0,22
TATEN,TATLIPINAR ENERJI URETIM,Stock,ELEKTRİK,-57.9364,-0.166667,2026-09,-46.4371,-0.545455,17,5,0,22
FORMT,FORMET METAL VE CAM,Stock,İNŞAAT MALZEMELERİ,-57.9414,-0.178295,2026-09,-41.0256,-0.590909,17,4,1,22
AGROT,AGROTECH TEKNOLOJI,Stock,GIDA VE HAYVANCILIK,-58.3675,-0.143411,2026-09,-36.4532,-0.590909,15,2,5,22
BALSU,BALSU GIDA,Stock,GIDA VE HAYVANCILIK,-58.5020,-0.220930,2026-09,-31.5895,-0.090909,12,10,0,22
AVTUR,"AVRASYA PETROL VE TUR,",Stock,TURİZM,-58.6128,-0.151163,2026-09,-26.7947,-0.227273,13,8,1,22
MERCN,MERCAN KIMYA,Stock,KİMYASAL ÜRÜNLER,-58.7131,-0.062016,2026-09,-37.0650,-0.272727,14,8,0,22
QUAGR,QUA GRANITE HAYAL YAPI,Stock,SERAMİK,-59.1046,-0.065891,2026-09,-41.8239,-0.454545,16,6,0,22
BEGYO,BATI EGE GMYO,Stock,GYO,-59.4558,-0.182171,2026-09,-28.0453,-0.545455,17,5,0,22
LRSHO,LORAS HOLDING,Stock,HOLDİNGLER,-59.9279,-0.124031,2026-09,-26.6129,-0.681818,18,3,1,22
OTKAR,OTOKAR,Stock,OTOMOTİV,-60.2646,-0.104651,2026-09,-11.4083,-0.272727,14,8,0,22
MARTI,MARTI OTEL,Stock,TURİZM,-60.4117,-0.189922,2026-09,-42.3529,-0.090909,12,10,0,22
VESBE,VESTEL BEYAZ ESYA,Stock,DAYANIKLI TÜKETİM,-61.4224,-0.236434,2026-09,-26.3551,-0.545455,17,5,0,22
DAPGM,DAP GAYRIMENKUL,Stock,GYO,-61.9407,-0.077519,2026-09,-63.8718,-0.363636,15,7,0,22
SELVA,SELVA GIDA,Stock,GIDA VE HAYVANCILIK,-62.1919,-0.155039,2026-09,-31.9277,-0.409091,15,6,1,22
MEKAG,MEKA GLOBAL MAKINE,Stock,İNŞAAT MALZEMELERİ,-62.6874,-0.093023,2026-09,-33.5593,-0.545455,16,4,2,22
BARMA,BAREM AMBALAJ,Stock,KAĞIT VE AMBALAJ,-62.7798,0.093023,2026-09,-29.2222,-0.272727,14,8,0,22
KLRHO,KILER HOLDING,Stock,HOLDİNGLER,-64.1865,0.003876,2026-09,-72.2278,-0.636364,18,4,0,22
SMRVA,SUMER VARLIK YONETIM,Stock,BANKALAR,-64.5705,-0.069767,2026-09,-40.2878,-0.500000,16,5,1,22
EUREN,EUROPEN ENDUSTRI,Stock,İNŞAAT MALZEMELERİ,-64.8198,0.034884,2026-09,-29.4118,-0.409091,15,6,1,22
SMRTG,"SMART GUNES ENERJISI TEK,",Stock,ELEKTRİK,-67.7269,-0.050388,2026-09,-54.2192,-0.545455,17,5,0,22
ORCAY,ORCAY ORTAKOY CAY SANAYI,Stock,GIDA VE HAYVANCILIK,-68.8170,-0.182171,2026-09,-32.7485,-0.454545,15,5,2,22
ARZUM,ARZUM EV ALETLERI,Stock,DAYANIKLI TÜKETİM,-69.3485,-0.178295,2026-09,-30.4878,-0.545455,15,3,4,22
MEGAP,MEGA POLIETILEN,Stock,KİMYASAL ÜRÜNLER,-70.1133,-0.302326,2026-09,-26.9006,-0.409091,12,3,6,21
FONET,FONET BILGI TEKNOLOJILERI,Stock,TEKNOLOJİ,-70.6192,-0.062016,2026-09,-18.6000,-0.136364,12,9,1,22
YYAPI,YESIL YAPI,Stock,İNŞAAT - TAAHHÜT,-70.6896,-0.189922,2026-09,-34.1772,-0.545455,14,2,6,22
ESEN,ESENBOGA ELEKTRIK,Stock,ELEKTRİK,-70.8660,0.019380,2026-09,-31.6804,-0.590909,17,4,1,22
IHLAS,IHLAS HOLDING,Stock,HOLDİNGLER,-71.3048,-0.162791,2026-09,-21.4953,-0.318182,13,6,3,22
USAK,USAK SERAMIK,Stock,SERAMİK,-72.0911,-0.182171,2026-09,-55.7377,-0.500000,16,5,0,21
DMRGD,DMR UNLU MAMULLER,Stock,GIDA VE HAYVANCILIK,-72.2321,0.042636,2026-09,-35.8120,-0.227273,13,8,1,22
KOCMT,KOC METALURJI,Stock,DEMİR ÇELİK,-72.4356,-0.027132,2026-09,-47.8448,-0.454545,16,6,0,22
TRILC,TURK ILAC SERUM,Stock,SAĞLIK VE İLAÇ,-72.6310,-0.155039,2026-09,-33.0275,-0.409091,15,6,1,22
LINK,LINK BILGISAYAR,Stock,TEKNOLOJİ,-72.7968,-0.151163,2026-09,-35.3050,-0.454545,16,6,0,22
AHSGY,AHES GMYO,Stock,GYO,-73.2012,-0.096899,2026-09,-53.5245,-0.454545,16,6,0,22
QNBTR,QNB BANK,Stock,SINIFLANDIRMA DIŞI,-75.9015,-0.259690,2026-09,-15.4787,-0.318182,12,5,5,22
KONTR,KONTROLMATIK TEKNOLOJI,VIOP,ELEKTRİK,-76.4462,-0.189922,2026-09,-43.9776,-0.500000,15,4,3,22
ALVES,ALVES KABLO,Stock,KABLO,-77.0723,-0.182171,2026-09,-61.1111,-0.500000,15,4,3,22
OTTO,OTTO HOLDING,Stock,HOLDİNGLER,-77.2077,-0.170543,2026-09,-37.2008,-0.363636,15,7,0,22
TEKTU,TEK-ART TURIZM,Stock,TURİZM,-77.8139,-0.147287,2026-09,-45.5556,-0.590909,17,4,1,22
VSNMD,VISNE MADENCILIK,Stock,MADENCİLİK,-77.9239,-0.232558,2026-09,-36.9053,-0.545455,17,5,0,22
SAMAT,SARAY MATBAACILIK,Stock,KAĞIT VE AMBALAJ,-77.9274,-0.166667,2026-09,-31.0987,-0.590909,17,4,1,22
KONKA,KONYA KAGIT,Stock,KAĞIT VE AMBALAJ,-78.6798,-0.027132,2026-09,-24.3590,-0.454545,16,6,0,22
TUCLK,TUGCELIK,Stock,OTOMOTİV PARÇASI,-79.6764,-0.186047,2026-09,5.3846,0.136364,12,9,1,22
GZNMI,GEZINOMI SEYAHAT,Stock,TURİZM,-81.7826,-0.189922,2026-09,-50.0174,-0.727273,19,3,0,22
BORLS,BORLEASE OTOMOTIV,Stock,ULAŞTIRMA - LOJİSTİK,-82.1225,-0.205426,2026-09,-64.5390,-0.772727,19,2,1,22
DCTTR,DCT TRADING DIS TICARET,Stock,PAZARLAMA,-83.0513,-0.003876,2026-09,-50.3086,-0.636364,18,4,0,22
ENSRI,ENSARI DERI,Stock,TEKSTİL,-83.2320,-0.077519,2026-09,-44.4008,-0.818182,20,2,0,22
EMKEL,EMEK ELEKTRIK,Stock,İNŞAAT - ELEKTRİK,-84.0073,-0.166667,2026-09,-47.8231,-0.636364,18,4,0,22
KRTEK,KARSU TEKSTIL,Stock,TEKSTİL,-85.3372,-0.158915,2026-09,13.6364,-0.045455,10,11,1,22
SAFKR,SAFKAR EGE SOGUTMACILIK,Stock,DAYANIKLI TÜKETİM,-86.0427,-0.042636,2026-09,-35.3760,-0.181818,13,9,0,22
TERA,TERA YATIRIM MENKUL DEGERLER,Stock,ARACI KURUMLAR,-86.4720,0.228682,2026-09,-62.4000,-0.000000,11,11,0,22
ALGYO,ALARKO GMYO,Stock,GYO,-88.2578,-0.015504,2026-09,-20.9809,-0.272727,13,7,2,22
YGYO,YESIL GMYO,Stock,GYO,-88.2596,-0.108527,2026-09,,,0,0,0,0
OBAMS,OBA MAKARNACILIK,Stock,GIDA VE HAYVANCILIK,-90.2215,-0.186047,2026-09,-26.2436,-0.136364,12,9,1,22
LIDER,LDR TURIZM,Stock,ULAŞTIRMA - LOJİSTİK,-90.4700,0.062016,2026-09,-77.9000,-0.727273,19,3,0,22
AZTEK,AZTEK TEKNOLOJI,Stock,BİLGİSAYAR DONATIM,-91.8808,-0.054264,2026-09,-17.7249,-0.318182,14,7,1,22
GENIL,GEN ILAC,Stock,SAĞLIK VE İLAÇ,-93.4919,0.050388,2026-09,-48.7741,-0.181818,13,9,0,22
SODSN,SODAS SODYUM SANAYII,Stock,KİMYASAL ÜRÜNLER,-94.6646,-0.255814,2026-09,-21.6467,-0.409091,15,6,1,22
ADESE,ADESE GAYRIMENKUL,Stock,GYO,-95.7728,-0.147287,2026-09,-27.0588,-0.272727,11,5,6,22
BINHO,"1000 YATIRIMLAR HOL,",Stock,HOLDİNGLER,-97.0464,-0.093023,2026-09,-36.0370,-0.454545,16,6,0,22
YBTAS,YIBITAS INSAAT MALZEME,Stock,İNŞAAT MALZEMELERİ,-99.9880,-0.186047,2026-09,-27.4368,-0.636364,18,4,0,22
